26.Bn-Cch(Cv)-Hem-Mag 16A-2.jpg;S3;;17
27.Bn-Cch(Cv)-Hem-Mag 16A-2.jpg;S3;60;
28.Bn-Cch(Cv)-Hem-Mag 16A-2.jpg;S3;61;
29.Bn-Cch(Cv)-Hem-Mag 16A-2.jpg;S3;62;
30.Bn-Cch(Cv)-Hem-Mag 16A-2.jpg;S3;;18
31.Bn-Cch(Cv) 16A-2.jpg;S3;63;
32.Bn-Cch(Cv) 16A-2.jpg;S3;64;
33.Bn-Cch(Cv)-Hem-Mag 16A-2.jpg;S3;65;
34.Bn-Cch(Cv)-Hem-Mag 16A-2.jpg;S3;;19
35.Bn-Cch(Cv)-Hem-Mag 16A-2.jpg;S3;66;
36.Bn-Cch(Cv)-Ccp 20A-2.jpg;S3;67;
37.Bn-Cch(Cv)-Ccp 20A-2.jpg;S3;68;
38.Bn-Cch(Cv)-Ccp 20A-2.jpg;S3;;20
39.Bn-Cch(Cv)-Ccp 20A-2.jpg;S3;69;
40.Bn-Cch(Cv)-Ccp 20A-2.jpg;S3;70;
41.Apy-Sp-Ccp 18A-3.jpg;S3;71;
42.Apy 18A-3.jpg;S3;72;
43.Apy-Ccp 18A-3.jpg;S3;;21
44.Apy-Sp-Ccp 18A-3.jpg;S3;73;
45.Apy-Sp 18A-3.jpg;S3;74;
46.Apy 18A-3.jpg;S3;75;
47.Apy-Gl-Py-Ccp 3A-2.jpg;S3;76;
48.Apy-Gl-Sp 3A-2.jpg;S3;77;
49.Apy-Gl-Sp(Ccp) 3A-2.jpg;S3;;22
50.Apy-Py-Sp 3A-2.jpg;S3;78;
51.Apy-Gl-Sp(Ccp) 3A-2.jpg;S3;79;
52.Apy-Py-Gl-Sp(Ccp) 3A-2.jpg;S3;80;
53.Apy-Py-Ccp 3A-2.jpg;S3;;23
54.Apy-Py-Gl 3A-2.jpg;S3;81;
55.Apy-Py-Gl 16A-3.jpg;S3;;24
56.Apy-Py-Gl 16A-3.jpg;S3;82;
57.Apy-Py-Gl 16A-3.jpg;S3;83;
58.Apy-Py-Sp 16A-3.jpg;S3;84;
59.Apy-Py-Sp(Ccp) 16A-3.jpg;S3;85;
60.Apy-Py-Sp 16A-3.jpg;S3;;25
